productId,productDisplayName,publisherDisplayName
8a27ee83-d04a-72b8-26dc-36fc90ceb7c8,3CX Desktop App,3CX
752bbff6-5cca-7dd6-ef1f-36cc75df8512,3CXPhone for Windows,3CX
5ae2c14f-0ca9-2805-430c-365e0ac7ca86,3DF Zephyr Free,3Dflow srl
307ebf5f-4e9f-ab0d-5a36-36ca7cdebd56,3DxWare 10,3Dconnexion UK
4416ffa4-2b91-8aee-54f3-35e155c6f61a,4K Video Downloader,InterPromo GMBH
a18a9c3d-e1be-9c61-28a5-36e1b11984fd,4K Video Downloader+,InterPromo GMBH
3a6307ef-6991-faf1-01e1-35e1557287aa,7-Zip,Igor Pavlov
faf81ee1-a662-4425-a274-35ebc732cb46,8x8 Work,8x8 Inc.
dcd02f8d-3451-fa96-6cfd-372f093c8ce6,AbaClient,Abacus Research AG
daaa3a7f-8fcd-bd7c-c2e8-3625e7e6cb9b,Able2Extract Professional,Investintech.com Inc.
5074acc5-1a12-b647-17c6-35e1558cfa2a,ActiveState Software Komodo Edit,ActiveState Software Inc.
0b5d556a-a3f4-758a-3d03-35e155b62dfc,ActiveState Software Komodo IDE,ActiveState Software Inc.
36060aff-6582-ff80-2f6f-35e155a7c9e8,Administrative Templates (ADMX) for Windows 10,Microsoft
97b0747a-6981-b8b3-0201-35e15572cc11,Adobe AIR,HARMAN International
89a40507-4bed-3fae-c6a1-36dfbc8d4ddf,Agent Ransack,Mythicsoft Ltd
5758e7f4-f29c-9d9e-5bd3-35e155ce5e9e,AIMP,Artem Izmaylov
75159e24-5b77-ce7c-e292-36f4c0e077e6,Air Explorer,Iniciativas Informáticas y de Comunicación
511ed790-60b1-4599-1068-36cf324a4108,Aircall for desktop,Aircall
21588051-2552-41bd-cb55-372a58e7aebe,AirParrot 2,Squirrels
170d413d-057a-58c3-d76c-37053762b110,Akiflow,Akiflow
3446f686-50eb-abd0-0d50-372862134d2d,alfaview,alfaview Gmbh
6ffbe0b8-cec0-2fce-1105-35e155847d06,ALLPlayer,ALLPLayer.org
88374178-6cab-764e-22a4-35e15598521f,Allway Sync,"Botkind, Inc."
58cdc091-1cf3-57ae-8f91-36ea52ab0f64,Altova XMLSpy Enterprise 2023,Altova
19d70636-af58-ef5c-389d-35e155afc04c,Amazon AWS Command Line Interface,Amazon Web Services Developer Relations
837f7b3b-265f-4a29-60cd-35e155d1adbd,Amazon AWS Tools for Windows,Amazon Web Services Developer Relations
42015e5c-d515-3a36-2ba4-367c880e29da,Amazon AWS VPN Client,Amazon
5b9a0e96-d425-05e7-0226-35f987a43a76,Amazon Corretto JDK 11,Amazon
93eef4c1-6d55-2858-b7fb-361dd454eb49,Amazon Corretto JDK 15,Amazon
bd085806-386f-0cff-4aca-363a78f1b639,Amazon Corretto JDK 16,Amazon
5572c062-aedb-4a97-0167-365e9e1dd8f8,Amazon Corretto JDK 17,Amazon
db3b9228-8420-3c42-5361-36888a0b1a50,Amazon Corretto JDK 18,Amazon
4473f3f4-0f27-813c-c925-36a03a6e94b6,Amazon Corretto JDK 19,Amazon
1b42ff00-6599-0341-0237-35f987a44a8e,Amazon Corretto JDK 8,Amazon
17e6872e-8f2c-b2ab-ef27-3728ffd11e11,Amazon DCV Client,NICE Software
156d5bcf-aaea-99b0-5532-35e155c7ce51,Amazon Kindle,Amazon
0d7398b1-78dd-0dc5-0b84-36cb1f3ce60e,Amazon Redshift ODBC driver,"Amazon Web Services, Inc"
0c08ad5d-a2a6-282e-40ca-35e155ba1a83,Amazon WorkSpaces,"Amazon Web Services, Inc"
2309672f-9b8a-8330-35cf-35e155acd2cb,Android Studio 2022,Android
3a6dd992-5e74-21e1-621c-365c7c6d753e,Android Studio 3,Android
249980c7-b652-cbea-621f-365c7c6e0839,Android Studio 4,Android
95c6ee2f-400e-0b25-a0bb-36fbfe327c8c,AnyBurn,AnyBurn
4ccfe027-7e9c-5d93-4e0f-35e155c2c8b3,AnyDesk,AnyDesk Software GmbH
c19bc518-8510-1282-83af-370dde3b3436,AnyLogic Professional,The AnyLogic Company
313b4fea-06e0-f5ea-8373-370dde2beec3,AnyLogic University,The AnyLogic Company
4bd89b43-5ce4-0dd6-0dc5-372fd1b6affd,Anywhere365 Integrator,Anywhere365
10528df8-53f7-510c-3ebc-35e155b7cc11,App Dynamic AirServer Universal,App Dynamic
57172b6c-7696-c617-fdc3-3747cfe130d6,Appgate SDP Client,Appgate
bb591615-bef0-74e6-04d8-35e15576c4fa,Apple iTunes,Apple Inc.
1859cc18-2258-f817-cb0a-371c2f5f71f1,Aptakube,Zandar Labs SL
e5f93561-ab9f-e78a-b687-36260fa7f091,Araxis Merge,Araxis
4052f8f7-2668-3b9f-2d3f-35e155a44e06,ArcticLine Software Jet Screenshot,ArcticLine Software
2e9f0178-c4a9-8455-35c4-35e155acc9da,Arduino IDE,Arduino
674d235c-c075-76fd-5beb-35e155ce7e7c,Articulate 360,Articulate
6e4431d4-c145-4646-c9a2-372928826743,Articulate Replay 360,Articulate
5ac3d654-71bd-86dc-2eea-35e155a76b81,Artweaver Free,Boris Eyrich Software
e844b446-1d59-09c7-b6ba-36261055403e,ASAP Utilities,A Must in Every Office BV
f59cc1fe-6bd3-3852-4874-36d70fad78e8,Astute Manager,Astute Graphics
b5471e5b-e163-ef31-4509-35e155bc7843,ASUS Remote Drive,Asus
b3f5dbc5-5eed-0cff-a212-3635c977b7d5,Atlassian Companion,Atlassian Inc
9eb28a60-63c6-d7a3-7044-36f3f2b63f46,Atlassian Confluence,Atlassian Inc
63a807a7-df4c-7a06-c198-3600cc6f65fb,Atomi Systems ActivePresenter,"Atomi Systems, Inc."
32a25be0-aaa5-34e0-1900-3746759b7a87,Atostek ID,Atostek Oy
f53f80e9-a0b0-9c4e-0215-35e155730fb7,Audacity,Audacity
44f9a979-6946-b39e-658c-3690987431d9,Autodesk Access,Autodesk Inc.
c86a2c84-16f2-9a38-0221-35e155731777,Autodesk Design Review 2018,Autodesk Inc.
e2f49cd6-6cd3-cf19-532d-37135f5ae508,Autodesk Identity Manager,Autodesk Inc.
234ae068-994c-3170-9d21-36d7a453d9af,Autodesk Interoperability Tools,Autodesk Inc.
7e3f084b-74e7-2e93-ef08-369861e38c15,Autodesk Single Signon Component,Autodesk Inc.
f64e8b7b-0dc3-1616-523a-36022c81cc46,AVer Information A+ Suite,AVer Information Inc
70ae5c69-0f51-db23-1f0d-3720b7796e50,AVS Image Converter,Ascensio System SIA
67f0f868-162c-7110-0f18-35e15581adc8,AVS Media Player,Ascensio System SIA
cd49d87e-1c72-6b53-f2ee-36b96c57f50a,AWS SAM command line interface,Amazon
55b3fd4c-ba50-138a-975e-370f7b7195fe,AWS Session Manager Plugin,Amazon Web Services
a033f4c4-da81-2776-f3fe-371b324b7ced,AxCrypt,AxCrypt AB
e8f6043f-b38b-1276-ba9d-372fd827f1c6,Axure RP,Axure
0b18a767-e4ab-8902-de39-364f8ceb04af,Azure Functions Core Tools,Microsoft
7dd2de53-e093-a7ec-753f-3708bc0ba5e8,Bambu Studio,Bambu Lab
62a1683d-24be-701c-61bf-372dad971104,BandiView,Bandisoft
6f12ea58-c8d6-0b44-ba51-363cad26b0d1,BCF Manager for Tekla,KUBUS BV
e2b3036d-a153-0251-2d5d-372c053a37ec,Beam Studio,"FLUX, Inc."
c91a71da-2049-3885-4717-36d2ec794265,Beats Winlogbeat,Elasticsearch B.V.
80320923-48fa-675b-5a33-3655fbe4bd0c,Belgium e-ID viewer,Belgian Government
3d75daff-d479-0479-09f0-35e1557b29bb,Beyond Compare,"Scooter Software, Inc."
50d21b9a-d784-f0d1-73bf-36e2d36f1c05,Beyond Identity,Beyond Identity
6187f9dd-a7d5-a72e-ccb7-36f559d8949b,BleachBit,Andrew Ziem
8b2671a4-9816-cf68-20c4-35e15596c94e,Blender,Blender Foundation
55776e43-e015-aafb-51c0-35e155c4c60b,BlueJeans 2,Blue Jeans
8652ae04-91ae-4b25-b4a0-3626acd53999,Box CLI,Box
cc6504f0-1879-6486-5bf5-35e155ce8210,Box Drive,Box
727111c6-0722-1d47-010b-3684eef9d49a,Brady Workstation,Brady Corporation
fdc2efaf-9aca-e1f2-3940-36f81c5205cc,BREAK PRO,Ergo Pro Oy
08557315-3fc1-9d37-a255-3673dff3049e,Bria Enterprise,CounterPath Corporation
e016eba3-c071-9a9b-3161-37129c7bd8c8,Bridge Designer 2016,Stephen J. Ressler
7b666b28-87dd-80e2-3831-37004a73a6d4,BrightAuthor connected,BrightSign LLC
6e038fb2-36c6-3f70-6dd5-37306e6181ce,BrowserStackLocal,BrowserStack
32e967de-834d-3a0b-03d0-36ff8eb220bd,Bulk Crap Uninstaller,Klocman
56d8abb0-11cd-7ea1-2857-35e155a039a2,Bullzip PDF to Word,Bullzip
8bbcd157-55f3-85c1-0275-35e1557354dc,BurnAware Free,Burnaware
810af46f-8981-66d7-cc2f-36258775b647,Burp Suite Community Edition,PortSwigger
9103117a-dc8f-1e54-6c10-3637cd4d7893,Burp Suite Professional Edition,PortSwigger
8b663fc8-2995-afce-d109-36e5f9777c42,Business Tax Software BLR,National Taxation Bureau Taiwan
4c003662-ff6f-1c37-64cd-36b4eb379a1f,Bytello Share,Bytello
98ee5982-fd4c-b56c-0b83-35e1557d2c46,Calibre,Kovid Goyal
a804eb9e-a0ec-6e7b-a822-37240a569833,Calibrite Profiler,Calibrite
bdcc2320-7049-c2d8-5035-36e56db2453f,Camtasia 2018,TechSmith Corporation
2e4194f1-72dc-81ea-59ed-364284afbce7,Camtasia Studio 2019,TechSmith Corporation
aedb3805-7b68-00c6-3a4f-35e155b0ec3b,Caphyon Advanced Installer,Caphyon
3385f294-b06c-63e9-3573-36c6cf70660d,Capture One 20,Capture One
5b755f57-9867-41aa-05ff-36c6ce0380d4,Capture One 22,Capture One
cf508be6-e84e-b70f-a5a8-36e0aafefc13,Cato Client,Cato Networks
fb617f15-1af6-0ec8-5425-36a727096d8f,Causasoft ExhibitManager,Causasoft
645c229a-db99-a41d-a83f-373193ec2474,Certify The Web,Webprofusion Pty Ltd
598c764f-7e9b-3ab9-88fc-36218b985e39,Charles,XK72 Ltd
48652783-dc11-b49c-eaa6-372b5493064d,Chatbox,Benn Huang
33b09027-7de4-be08-4ce7-36139ccb9273,Chef Workstation for Windows,"Chef Software, Inc."
26994af1-3caf-7a96-3b3c-364eb29b6615,Cisco Jabber 14,"Cisco Systems, Inc."
7a9a9da4-05ed-0dc1-2f29-3734d0176189,Cisco Jabber 15,"Cisco Systems, Inc."
8cddceb9-967a-03cb-000f-36cb16ae9527,Cisco JVDI Agent 12,"Cisco Systems, Inc."
a3a0ccf7-4513-b388-87f4-361b0e13236e,Cisco JVDI Agent 14,"Cisco Systems, Inc."
ff75a934-d9f3-38b6-ab6a-3734f403298a,Cisco JVDI Agent 15,"Cisco Systems, Inc."
b78b884d-d357-f3a3-5eb9-35e155d06b8d,Cisco Webex Meetings,Cisco Webex LLC
498136e5-dc34-883b-3e5a-35f56785aab2,Cisco Webex Productivity Tools,Cisco Webex LLC
37fd8278-44e8-c65e-0f9a-35e155827efc,Cisco WebEx Recorder and Player,Cisco Webex LLC
5952dbc0-760f-81a2-17a8-35e1558cbaa6,Cisco WebEx Recording Editor,Cisco Webex LLC
b8746cbc-5cef-a241-5eaf-35e155d06761,Cisco Webex Teams,"Cisco Systems, Inc."
e5a7995d-2277-4b67-0738-35e15578bf3b,Citrix Receiver,Citrix
95f9a28d-74c1-7d93-5138-35e155c48347,Citrix Workspace app,Citrix
46da3846-44c0-6f5c-19ab-3613d392a27a,Citrix Workspace app LTSR,Citrix
6117ebf8-2606-d6ed-a4af-36a3f8158d1c,Class,"Class Technologies, Inc."
7b025907-ab70-b192-100a-35e155835847,Classic Shell,Ivo Beltchev
9ee6e604-cfdb-625f-cb45-36febe7d3cbf,ClassPoint,Inknoe
c1459b01-05e2-32c3-582e-36fbf703d719,ClipboardFusion,Binary Fortress Software
ff356c06-b227-5f17-0e3a-36ca49546245,ClockAssist,ClockAssist
2363e522-07a7-37a0-d3f6-372d9c2c6e4a,Clockify,Cake.com Inc.
bafd96dc-b632-f011-33cd-367804a1cd3b,Cloud Drive Mapper,IAM Technology Group Ltd
d297a74e-ed12-159f-31f0-35e155a92ac6,CloudCompare,Daniel Girardeau-Montaut
59e97b4d-117f-f984-4201-361c6b66f1d3,Cloudflare WARP,"Cloudflare, Inc."
376f181b-452b-6b5e-c3fa-36f486abbe34,CloudShow,Binary Fortress Software
21f2beaf-7183-8709-f79c-3694a8c0cbe8,CMake,2BrightSparks Ptd Ltd
18cbf4e0-e818-8a8e-26a9-3721ad7d4166,CodeMeter Runtime Kit,Wibu Systems
5a90abb3-edf4-c267-f888-36c9bb8c3ed7,Colour Contrast Analyser,TPGi
22f24ecc-63cd-8b41-65b0-36fb3c832576,ComponentAgro CHECK PC2Web,ComponentAgro B.V.
3ee99f71-bb47-3f10-5c53-35e155cebe2d,CPU-Z,"CPUID, Inc"
9017c633-fc69-82e6-b551-36a71dc07a44,Creative Force Kelvin,Creative Force
917615e4-400e-22f9-d4c5-36ff30dec6c9,Creative Force Triad,Creative Force
7519768a-afaa-1fcf-82c7-36f81e0e17fc,Crestron AirMedia app,"Crestron Electronics, Inc."
7a0cb87a-d1d4-0f54-1340-36f81ee7e28c,Crestron AirMedia Peripheral Installer,"Crestron Electronics, Inc."
a8923e7d-e2b0-0e7f-0f9a-36ed86444979,CrisisGo App,CrisisGo Inc.
28c141b7-f0b6-7f0c-ea6a-36e8f4afccdf,Cryptomator,Skymatic GmbH
f7c7c739-f80a-d970-c0ed-37085fd4bc36,Cube Browser,Rystad Energy
64b94cdf-98d4-d9ea-02d1-35e155743f59,CutePDF Writer,Acro Software
bf2e2d16-73dc-a91a-1ad2-3610e36e48fe,Cyberduck CLI,iterate GmbH
2f25af8f-290e-5ea7-4890-35e155bec832,Dane Prairie Systems Win2PDF,Dane Prairie Systems
cadde8d8-68de-6825-2098-371d29b44336,Datadog Agent,Datadog
2d2a542a-b139-6be7-a397-372f6ae71308,DataGrip,JetBrains
2f05f19b-2741-1465-cb10-36d550830d2e,DataGrip 1.0,JetBrains
cb370888-8cbd-b729-cb01-36d5507e2665,DataGrip 2016.3,JetBrains
bb384283-a2e4-7054-a123-36d54fd8770d,DataGrip 2020.3,JetBrains
8621f412-82f1-97b7-5798-36d54ebbe036,DataGrip 2021.1,JetBrains
d4b10aeb-8008-348a-76e2-36d54cef2418,DataGrip 2021.3,JetBrains
f50ad668-b95e-0021-76d2-36d54ccd87e2,DataGrip 2022.1,JetBrains
d20f1c57-e960-4981-76cc-36d54cc8a84a,DataGrip 2022.2,JetBrains
a9d68721-407c-3f63-a109-3714ff487860,DataGrip 2024.1,JetBrains
11eb1251-6ea8-ca93-f243-3712c6a91bd4,DataSpell,JetBrains
3bd13be4-9b96-7047-17d2-35e1558d0628,David Kocher Cyberduck,David Kocher
94ef293a-8991-a0e3-6267-35eeec844496,DAX Studio,DAX Studio
2d101a64-8023-7d16-2b0e-35e9396cfeba,DB Browser for SQLite,DB Browser for SQLite Team
dbd5e418-e148-25e9-374b-364d89074a63,DBeaver Community,DBeaver Corp
64f65adc-a1f8-54cf-4542-368171236190,DBeaver Enterprise,DBeaver Corp
17969c71-9356-2592-ecf9-368175cea79b,DBeaver Lite,DBeaver Corp
3bb417fa-169a-ffe2-b2ed-368172e9137e,DBeaver Ultimate,DBeaver Corp
cbe78260-4299-1fca-a71c-36c9b63b2046,DbVisualizer,DbVis Software AB
f76c98f3-69a8-67c2-5f67-36fef822a947,Dedoose Desktop App,Dedoose
77754466-6042-f2f4-02e3-35e15574744e,Defraggler,Piriform Ltd
8b0f0319-29b4-1fa2-dc8c-36d5e5aa95f6,Delinea Connection Manager,Delinea
c955891c-0285-6fc3-28b2-35e155a0b804,Dell Command Update,"Dell, Inc."
2b7d73ba-e92f-a6ab-ffd9-366496f6cf40,Dell Command Update (Windows Universal Application),"Dell, Inc."
1b67716b-7d61-899e-5a70-36171dcf05cc,Dell Display Manager,"Dell, Inc."
af80a719-d1f4-b518-62f0-367698013d65,Dell EMC System Update,"Dell, Inc."
036b5ac8-f198-c621-6bce-36d4bbbd2012,Dell Peripheral Manager,"Dell, Inc."
e9650f8c-f52b-908f-5815-35e155cae156,Dell SupportAssist,"Dell, Inc."
416e35f3-c517-6a0c-240e-3722a8bf86c0,Devolutions Launcher,Devolutions inc
f6d0268e-cd54-9d25-4ea1-35e155c31da3,Devolutions Remote Desktop Manager,Devolutions inc
03a13a55-2ad7-94e0-4eb7-35e155c3285e,Devolutions Remote Desktop Manager Agent,Devolutions inc
b27d0922-9fed-f3fb-29d7-3722aac79470,Devolutions Workspace,Devolutions inc
95e03b85-801b-8d08-22a1-372568d53de6,DevPod,loft
2b817553-848f-8470-3f3a-370d83daa99a,digiSeal Reader,secrypt MgbH
8bb26882-3ab0-8143-1ca0-3711d0e56d16,Directory Opus,GP Software
ef355c7f-6956-db08-8ff5-3730b5ed0832,DiRoots ProSheets,"DiRoots, LDA"
135bad01-1850-06dd-3cf7-3730240fb2ba,DisplayLink Dock Driver,"Dell, Inc."
befd83e9-0501-bbf8-40a2-36f87a3b6038,Ditto Connect,Squirrels
ad4fc3d5-35bb-cd2c-e50a-37049fa349d5,dnGrep,dnGrep
4b8cbc05-655b-31b5-5b65-35e155cd2a3e,Docker Desktop,Docker Inc.
583b7da1-87d8-3228-2922-372129a42af7,docuPrinter LT,Neevia Technology
a92946f0-556d-f840-0058-373a5024df22,docuPrinter PRO,Neevia Technology
b012be5a-7296-2bcd-7f50-373a4ff67f16,docuPrinter TSE,Neevia Technology
253c6b49-78cb-6164-7865-370a4eea2529,Draftable Desktop,Draftable
89284896-6b0b-2ffc-7296-3694b49c6a4b,draw.io Desktop,draw.io
7d6e2c4a-336f-330a-a548-36c79218b206,dRofus,dRofus
2d439944-a9c0-80c1-c606-364c256d0177,Druva inSync,Druva Technologies Pte. Ltd
71df8120-22db-c20a-a681-364c9eac3198,Duo Desktop,Duo Security Inc.
bf733b5b-91ff-1097-ee90-3728ff70bfb6,DYMO ID,DYMO
37b1f496-70ad-8e18-6012-35e155d146e9,Eclipse Temurin JDK with Hotspot 11 (LTS),Eclipse Foundation
41f49fee-502a-526f-6025-35e155d155d0,Eclipse Temurin JDK with Hotspot 12,Eclipse Foundation
93b20d19-e15a-7288-d74c-3616ebd0ae30,Eclipse Temurin JDK with Hotspot 15,Eclipse Foundation
d57cc046-8a4d-01a8-2527-363a522cea0a,Eclipse Temurin JDK with Hotspot 16,Eclipse Foundation
96dc2b0c-e92b-93f3-762f-36678c4a6d38,Eclipse Temurin JDK with Hotspot 17 (LTS),Eclipse Foundation
723aff7a-3c78-6820-0aea-368a37de4218,Eclipse Temurin JDK with Hotspot 18,Eclipse Foundation
67b15720-b6b0-ac56-c316-36a8f053578d,Eclipse Temurin JDK with Hotspot 19,Eclipse Foundation
6a0a280d-0128-5858-0006-36cdcd6d118f,Eclipse Temurin JDK with Hotspot 20,Eclipse Foundation
ae678ffc-236d-af07-e0d8-36f51e7512ca,Eclipse Temurin JDK with Hotspot 21,Eclipse Foundation
d33d18ab-af55-d3d6-85fc-37126ff096a8,Eclipse Temurin JDK with Hotspot 22,Eclipse Foundation
63ab2d0b-8ada-dc43-4851-373ca2e0f0e8,Eclipse Temurin JDK with Hotspot 23,Eclipse Foundation
2f44f4ec-ff78-5a6c-6038-35e155d15f59,Eclipse Temurin JDK with Hotspot 8 (LTS),Eclipse Foundation
9631b89a-f1ed-9f99-5e0b-35e155cfdaf5,Eclipse Temurin JRE with Hotspot 11 (LTS),Eclipse Foundation
59dbf76b-8cb0-07a4-5df8-35e155cfd29d,Eclipse Temurin JRE with Hotspot 12,Eclipse Foundation
4ab2df9d-483e-73e3-d772-3616ec175885,Eclipse Temurin JRE with Hotspot 15,Eclipse Foundation
0405742c-86a0-f50b-3e0e-363a5375c2e7,Eclipse Temurin JRE with Hotspot 16,Eclipse Foundation
e39aad0b-418e-d3ad-efac-367d863d7cfd,Eclipse Temurin JRE with Hotspot 17 (LTS),Eclipse Foundation
2046edf3-6500-b010-9268-368a3e03528b,Eclipse Temurin JRE with Hotspot 18,Eclipse Foundation
e62f0170-a629-0354-abbb-36a8ef496ea8,Eclipse Temurin JRE with Hotspot 19,Eclipse Foundation
be25533b-8619-05ad-003f-36cdcdb18a02,Eclipse Temurin JRE with Hotspot 20,Eclipse Foundation
a7f9e8f9-3de3-5ac1-8605-37126ff3383b,Eclipse Temurin JRE with Hotspot 22,Eclipse Foundation
91cfb465-ceac-ff87-5949-373ca2eeecc2,Eclipse Temurin JRE with Hotspot 23,Eclipse Foundation
a046f3b5-adb6-c179-5e27-35e155cfeba6,Eclipse Temurin JRE with Hotspot 8 (LTS),Eclipse Foundation
545088a9-bbbf-1732-5c5f-35e155cec84f,Egnyte Connect Desktop App,"Egnyte, Inc."
35c5f5fe-05fe-3d1b-3624-36795f551899,Egnyte WebEdit,"Egnyte, Inc."
2691cfd9-f42b-6f01-7144-3714f6901f39,Elevate UC,"Serverdata.net, Inc."
025147e2-573e-48e7-b1b4-3709eae0bfb5,Elgato Stream Deck,Elgato
8f585e95-209a-1e96-726f-3713311fa445,Encrypt.me,Cloak Holdings LLC
a517a7bd-343e-0183-93ed-369eb56330da,Endnote 20,Clarivate
f1d9a1ca-407a-1420-97ba-369eb56e2932,Endnote X8,Clarivate
80642643-8e11-df6d-93fe-369eb5690148,Endnote X9,Clarivate
5829e0be-8281-43ca-5bed-36c855a25dea,Enpass,Enpass Technologies Inc.
4e2003e8-7bf1-5dab-5e80-35e155d04eec,EnterpriseDB Corporation PostgreSQL 12,EnterpriseDB Corporation
03cf6502-3f5c-fbeb-57cb-36b388800f06,ESET Endpoint Antivirus V10,ESET
cb9601e7-c2e8-7c1d-bb6a-3744ea8f7511,ESET Endpoint Antivirus V12,ESET
22e84fe3-a1ba-0318-4997-36705b0572c2,ESET Endpoint Antivirus V9,ESET
94da4891-47e9-6307-bb4b-3744ea699c17,ESET Endpoint Security V12,ESET
0096fd6a-a9d6-43b6-495a-36705a503618,ESET Endpoint Security V9,ESET
f7c9e7d8-3736-e2e7-033c-35e15574ee3a,Evernote,Evernote
c54e2c5d-df3f-490e-30c8-36d83730efe7,exacqVision Client,Exacq Technologies
57309a98-9b52-cb01-14ad-35e15587e42e,EZB Systems UltraISO,EZB Systems
b1047624-13bb-44e4-a211-371ff6b298dd,FactSet Workstation,FactSet Research Systems Inc.
737d74a2-f779-3969-0349-35e15574f5fb,FastPictureViewer Professional,Axel Rietschin Software Developments
0ad28065-9c63-e258-0b00-35e1557c8b52,FastStone Soft Capture,FastStone Soft
50a3454f-f25e-954e-0aea-35e1557c537a,FastStone Soft Image Viewer,FastStone Soft
7439a460-f087-8553-0af5-35e1557c82fa,FastStone Soft Photo Resizer,FastStone Soft
97695703-9075-5d12-036c-35e155751166,FileZilla,FileZilla
c95cc69e-30e3-8b86-cbca-3614cedc5533,Filius,Stefan Freischlad
c07183fa-a48a-2859-155c-35e15589d01e,FlashFXP,OpenSight Software LLC
a2799204-48ce-9678-3c7b-37191860e18f,FlexWhere for Desktop,Dutchview
66d8a94a-d9eb-ac95-1344-35e15586b33a,Forté Agent,Forté
f41553af-7201-17b2-a2cc-3720503db3a0,Fortify,PeculiarVentures
354e0bed-e976-a4a4-13ac-35e15587406b,Foxit PDF Editor 11,Foxit Software
89858ac5-f14d-a957-6582-36963d8a8152,Foxit PDF Editor 12,Foxit Software
a879b32e-bd4a-002b-4710-36ece52c2cbc,Foxit PDF Editor 13,Foxit Software
27bf8e22-acd5-6198-63b7-370f6d31d6e8,Foxit PDF Editor 2024,Foxit Software
056ec26c-966d-ef80-0c5d-35e1557e06d9,Foxit PDF Editor Pro 11,Foxit Software
6c567de9-c111-03a1-47c1-36ece5f4cc60,Foxit PDF Editor Pro 13,Foxit Software
1294e47a-7bab-a841-0395-35e155752e8c,Foxit PDF Reader,Foxit Software
c9d8cd28-dfa1-cc85-a14f-365edce9096f,Foxit PhantomPDF 10,Foxit Software
5f7f3ef9-5a56-a1e7-ce2a-365ee3378301,Foxit PhantomPDF Pro 10,Foxit Software
c4b93410-ef58-7d13-6ee8-365f08ab43e1,Frame App,Nutanix Inc.
c1558f52-9c2f-7989-969b-365d0a5d77c6,Free Countdown Timer,Comfort Software Group
df888437-d547-6411-5255-35e155c52665,FreeCAD,FreeCAD
7e82f3fc-fdf2-4c25-bb91-36d1c49d5094,Front Desktop,"FrontApp, Inc."
bf254e9a-b650-b009-5814-36e4e42eb7c7,FTP Rush v3,wftpserver.com
4d06c525-79e0-e00b-9405-373e61b6787f,Fusion,Freedom Scientific
261899fb-6fc9-b813-0c99-3729c6fa846c,Fuzzy Lookup Add-In For Excel,Microsoft
dabe1294-cc95-5b41-55c4-35e155c80fe2,FXHOME HitFilm Express,FXHOME
f25982a7-a68f-bdc7-2e08-35e155a5b526,Gadwin PrintScreen,Gadwin Systems
eab8126c-41f4-d624-2e1d-35e155a5c1aa,Gadwin PrintScreenPro,Gadwin Systems
1f4cfbe6-94d4-0480-2df3-35e155a5a5a7,Gadwin ScreenRecorder,Gadwin Systems
81062eff-f986-aa83-a0d0-36fbfe5dcb59,Galaxy Modeler,Bizagi Limited
3d1692e8-c111-3b07-f943-36cecbce5cdb,Garden Gnome Package Viewer,Garden Gnome GmbH
6f3e1ebb-f129-4136-eed4-3728ffa990fa,Garmin BaseCamp,Garmin
411e23e7-1785-3b0d-5c21-35e155ce9ed4,Garmin Express,Garmin
b3191091-3c37-9edf-292a-35f143b13ff3,General Workings Streamlabs OBS,"General Workings, Inc."
6137ecc4-4601-11b6-9eb6-367cbf614fd2,Genesys Cloud,Genesys
665bd2d4-46fe-687e-a6bd-3721ae0f597b,Genesys Cloud Background Assistant,Genesys
bed0fa4c-7645-bd9d-281a-35e1559ebfc5,GeoGebra 5,International GeoGebra Institute
1b645d58-6627-83ac-4b33-35e155c055d1,GeoGebra 6,International GeoGebra Institute
7fe6a4c5-bb41-7e3c-002c-3737575c58cc,Geomilieu,Informatiepunt Leefomgeving
14d22241-3009-3e61-aab9-371adb91a74b,Gephi,Gephi
551903a3-8f54-cf7b-03b1-35e155754106,GIMP,GIMP
31a4c766-f23d-8d41-4803-35e155be7389,Git,The Git Development Community
441e7257-2546-f91d-0369-3616f206eb05,GitHub CLI,"GitHub, Inc."
b257100b-ceb9-27ef-9627-3725a762c6ad,GnuPG VS-Desktop,g10 Code GmbH
3872d9a0-2c26-22cb-aa16-370374d97fc2,GoAnywhere OpenPGP Studio,"Fortra, LLC"
696fe299-a102-2e7a-1351-372dde95e9b4,GoLand,JetBrains
d252fc40-2e4b-9fca-fa6b-36cba8557014,GoLand 2017.3,JetBrains
a37c5b04-75b7-9f8b-d2d6-36cb865f5da6,GoLand 2021.1,JetBrains
1aa45228-42ad-3c85-5a85-36cb44871911,GoLand 2022.2,JetBrains
6587f611-9fc8-1d77-0acd-36e11241ed8d,Golden 6,Benthic Software
96b236d5-53c2-7503-5b51-36dcf781af70,Golden 7,Benthic Software
886071f5-004d-4bfb-0b7e-37316399853d,Golden 8,Benthic Software
e019e67c-b2e4-ef59-3f49-35e155b84467,GoodSync 12,Siber Systems Inc
89dbfccb-827c-0af1-4deb-3712ff2aa496,GoodSync Personal,Siber Systems Inc
3a9c6a1f-47f9-782e-2ab3-36c4d4d8bd39,Google Ads Editor,Google
aac896ca-f614-be0d-48b2-35e155bedc75,Google Backup and Sync,Google
7a8149b3-a012-9b5b-02af-35e15573a555,Google Chrome for Business,Google
4661f11d-dbcc-15a2-5495-35e155c6bf12,Google Chrome Remote Desktop Host,Google
6b234268-5501-5192-c9f6-37129d2b9f87,Google Credential Provider for Windows,Google
51b0c462-5efb-a715-02eb-35e155747ca6,Google Drive,Google
8a2eeb52-74d9-05a5-4831-35e155be9451,Google Drive File Stream,Google
f28fcf4a-241e-eaff-632a-368aa945c494,Google Go Programming Language 1.16,Google
80483336-3567-3de0-6311-368aa9260106,Google Go Programming Language 1.17,Google
91a79f21-b104-f543-df9d-368a9c657fbc,Google Go Programming Language 1.18,Google
53631b0b-0bee-5d08-5b32-369d5923a470,Google Go Programming Language 1.19,Google
4fe10820-8528-3480-47e1-36c13d7bcbbd,Google Go Programming Language 1.20,Google
bcd7dbff-f9bf-b488-0811-36eb8790e180,Google Go Programming Language 1.21,Google
07a46d11-c798-446e-f409-370a1fc49bbf,Google Go Programming Language 1.22,Google
670381a1-81c4-d72e-ce64-37306ea5cc56,Google Web Designer,Google
71e94e6f-c7d2-9466-e755-36b44b9aac45,GoTo Connect,"GoTo Group, Inc"
0f35d2ec-06c1-a074-b998-3635cb427582,Gpg4win,Intevation GmbH
3e9aeb32-139b-3054-2fbf-372b5def3824,GraphDB Desktop,Ontotext
b1cb04b4-b693-3139-7824-36d1f8e808ee,Graphviz,The Graphviz Authors
779c1370-0cb5-6eb7-3f09-35e155b821d5,grepWin,Stefans Tools
1a5da35b-9251-27a2-570a-3720b7bf5c33,gsudo,Gerardo Grignoli
376468fc-ede9-a435-5282-35e155c53ed5,HandBrake,HandBrake Team
9c30f428-8d31-8cb9-8c41-371334cc82c9,Hanword HWP document converter for Microsoft Word 2016,Microsoft
aa689be5-7a8d-747c-ce44-372118bfa9d9,HashTools,Binary Fortress Software
e5ae223d-ca06-86ab-19d9-35e155909259,HeidiSQL,Ansgar Becker
483918c2-23f9-aaa9-d86f-370fa4bc4f89,HIPIN v4,KPN
f8ac3bd6-7d8a-8010-bdc6-36fb0eb9a103,Horizon Collaborate,Gamma Telecom Ltd
b32dff58-1740-42fd-50c8-36ff23bf5978,HP Client Management Script Library,HP
8ba12a31-b811-38f6-2a1e-3625787e6c87,HP Prime Virtual Calculator,HP
9b1a062f-2186-a6ad-5bc3-3627110a29ec,Huddle Desktop,Huddle
cb1ef45d-4016-7918-0011-36ae004769e8,HWMonitor,"CPUID, Inc"
db832ff9-91b5-b257-6ea9-37306ebd9be4,IAP Desktop,Google
fb35dd62-e1bf-3211-8fb0-3723dbeda8af,Ibis Calculeren voor Bouw,Brink Software B.V.
916e5aad-62a7-bed1-ad64-37301a52f184,Ibis Calculeren voor Infra,Brink Software B.V.
506c07ea-1deb-7fa8-4b54-36a81edff73e,IBM Aspera Connect,IBM
d59b3dfa-ad15-bcd2-9468-36cbb48152d4,IBM Semeru Runtime Open Edition JDK 11 (LTS),Semeru
920e2d72-ec48-25c0-268a-36cc43a82745,IBM Semeru Runtime Open Edition JDK 16,Semeru
5f34c281-2ccd-75a2-31ab-36cc444fc5dc,IBM Semeru Runtime Open Edition JDK 17 (LTS),Semeru
c0d94030-721e-dbcf-394c-36cc44a73376,IBM Semeru Runtime Open Edition JDK 18,Semeru
461c33c8-d17b-25e3-b033-36e2502e541b,IBM Semeru Runtime Open Edition JDK 19,Semeru
6ab62705-567f-9ed9-b034-36e25030056e,IBM Semeru Runtime Open Edition JDK 20,Semeru
477579d3-89d8-f9ee-2f5e-371e8acff42a,IBM Semeru Runtime Open Edition JDK 22,Semeru
ae9cee4e-7d4d-6b0f-41c0-36cbb17f138b,IBM Semeru Runtime Open Edition JDK 8 (LTS),Semeru
cfe1f3cb-476a-b338-957d-36cbb4964994,IBM Semeru Runtime Open Edition JRE 11 (LTS),Semeru
66aad7a0-3674-26d4-34e1-36cc44636d36,IBM Semeru Runtime Open Edition JRE 17 (LTS),Semeru
214089da-c632-26a5-3953-36cc44b319e6,IBM Semeru Runtime Open Edition JRE 18,Semeru
38d9ab43-fbf3-3439-b032-36e2502b1b25,IBM Semeru Runtime Open Edition JRE 19,Semeru
755f36f3-2743-5574-b030-36e25028fb8e,IBM Semeru Runtime Open Edition JRE 20,Semeru
81b83f07-23c8-cc2a-0f6e-371e8acbe8b1,IBM Semeru Runtime Open Edition JRE 22,Semeru
12080f07-cb25-dad9-2623-36cc42c52f39,IBM Semeru Runtime Open Edition JRE 8 (LTS),Semeru
1f3592ff-01ff-85fd-4a4b-364bcc46ee41,IcedTea-Web,"Azul Systems, Inc."
5f7c27b2-370e-0d0d-85b1-366532139342,ImageGlass,Dương Diệu Pháp
01cd9c1f-3362-6a3b-10a6-35e15584428a,Image-Line Software FL Studio,Image-Line Software
69b241b9-7478-a772-8a58-36d83b89362e,iMazing,DigiDNA SARL
6c184cdc-1481-5d9e-5c33-36dcf8720bd0,ImpExpPro,Benthic Software
20d09231-624b-5b7f-d4fa-3728f9e0a4d3,Infix PDF Editor,Iceni Technology Ltd.
e0d1632d-af41-b3db-0b14-35e1557cc42e,Inkscape,Inkscape
faf86299-0621-8550-71c0-37132ffa9a99,Install4j,ej-technologies GmbH
a18fc9ce-a291-272f-1f52-36fee7a0a4e4,Intermedia Unite,"Intermedia.net, Inc."
ad6b6027-7faa-7519-04ac-35e15576a268,IrfanView,Irfan Skiljan
307921f6-4ad9-120c-ee2c-3698054782b5,IronPython,IronPython Team
8e60f220-ed00-5e13-ae5a-372050a23a0c,IsoBuster,Smart Projects
8caf363b-afbf-85af-5ed0-35e155d07ce0,Jabra Direct,GN Audio AS
eee66711-7557-97a2-087f-35e15579eb2f,JAM Software TreeSize Free,JAM Software GmbH
1b21c67d-db41-54e9-3fe8-373e61a98471,JAWS,Freedom Scientific
7a185239-4521-f868-19ee-3718ad830899,JetBrains dotUltimate,JetBrains
d1e82408-452d-5169-1f65-36e3ad96c36f,JetBrains ReSharper 2023.1,JetBrains
4f601983-971a-003a-f56b-36cc778b0727,Joplin,Laurent Cozic
3c54676e-f2db-dab8-9ae2-370084fb31c7,JProfiler,ej-technologies GmbH
d0992ee7-157d-3981-4ba8-35e155c0b0e0,KDiff3,Joachim Eibl
2e37be8a-6578-0c16-0511-35e15576e9ee,KeePass Password Safe (Classic Edition),Dominik Reichl
390a32da-8f0d-9db2-41d9-35e155bab2a0,KeePassXC,KeePassXC
19932660-32be-58c4-c725-36995773111f,Keeper,Keeper
eda5ac47-a85c-d99d-d0bf-372d9b265019,KeeWeb,KeeWeb
56bdd75c-b84c-579e-1eac-366a16b7a597,Kerio Connect,GFI Software
4cc58440-f504-1a5a-2e95-374802beb741,KeyShot Studio,KeyShot
46dcf13d-8f64-799c-8018-3702a99bcd0d,KeyStore Explorer,Kai Kramer
271929c3-21eb-bc74-9bcc-36d57f39f3e1,KNIME Analytics Platform,KNIME AG
33e43fcd-f498-7ab7-cca6-36372eb7ce25,Kobo,Rakuten Kobo Inc.
76a85c77-def3-35ef-7270-36d841cc2328,Kodu Game Lab,Kodu
7664a5b9-3078-a4ad-c8d6-367155960699,Konnekt,glueckkanja-gab AG
83abcf4b-23b1-cbd2-9bbb-370f38840119,Kotobee Author,Vijua
99e72bf7-8e12-1783-9bbd-370f38872406,Kotobee Reader,Vijua
e8ac330c-7ef0-d380-9d98-36e5fd72d43d,KPN Desktop Integratie,KPN
dd8e73e1-e6e4-a45a-0195-37164950663c,Kreya,riok GmbH
4b72b3e5-b8d2-eece-c773-36bdbcfe2106,Krisp,Krisp
db994ee5-773e-8bbe-2d3f-364c674072f0,Krita,Krita Foundation
f8dd4cc9-52ad-05a4-2ec5-369991420ae1,Lansweeper,Lansweeper
6ad44d7e-f120-64a2-1763-371ecf1ca6be,Lark Deployment Tool,Lark Technologies Pte. Ltd.
fd0aad48-caa9-3781-8875-3680ceb3ab89,Laserbox basic,"Makeblock Co., Ltd"
4c4b4342-aecb-89b2-055d-35e1557748de,LastPass,LastPass
e4b1b1f7-bd5f-7f43-bde6-36bf4f8d743b,LEGO Education SPIKE,LEGO
6055d9fb-4bac-886f-84d9-3729c61262d2,Lenovo Accessories and Display Manager,Lenovo Software
950a76b5-2605-7b98-1bef-36d9c5bc1bc1,Lenovo Quick Clean,Lenovo Software
5bb2f1da-a885-6b94-d1a2-36cdd40d0763,Lens Desktop,"Mirantis, Inc"
04ea9355-ee68-cdff-ee53-370a5f3cab30,Liberica JDK,BellSoft Corporation
37a84d71-2000-44e9-2439-35e1559afe2a,Lifelong Kindergarten Group Scratch,Lifelong Kindergarten Group
5c62094b-968e-0a85-a447-36f93f8aaa42,LINQPad 5,LINQPad
a9775283-b89b-537a-4304-371bca20f6f9,LiquidFiles Outlook Plugin,LiquidFiles Pty Ltd
70a60382-73c0-0cf5-54a0-35e155c6c33f,Liquit Workspace Agent 3,Liquit Software B.V.
df3cb7b4-22ad-e581-cb44-361979f2d2d4,Local Administrator Password Solution,Microsoft
4e05260d-e1f9-252a-d69a-3677d2c240c0,Logi Tune,Logitech
b3dbed88-fe62-2a19-68fd-36cd14318eac,Logitech Bolt,Logitech
69b31de9-964f-bcd4-bd99-372472df0d6a,Logitech Camera Settings,Logitech
27834daa-95f5-3a04-5223-35e155c50f26,Logitech Options,Logitech
de4d86f9-da62-51fe-3d28-35e155b64370,Logitech Presentation,Logitech
c92b3c86-db8f-1acc-07b0-35e1557909bc,Logitech SetPoint,Logitech
59808844-e686-70ee-56d1-364ebb7e75ad,Logitech Sync App,Logitech
13898b7e-17e7-8ce1-50e7-35e155c44e3b,LogMeIn Client,LogMeIn
5dc982d7-4dab-2cae-03cf-35e15575a121,LogMeIn GoToMeeting IT Installer,LogMeIn
26d7a864-2ebc-504e-1a87-35e15590fc71,LogMeIn GoToMeeting multi-build Installer,LogMeIn
cba786b1-f727-a54d-50f2-35e155c45268,LogMeIn Hamachi,LogMeIn
08a18db2-1dee-e97c-50dc-35e155c44a0f,LogMeIn Host,LogMeIn
2edbd34c-44a2-e1a8-50fd-35e155c45a27,LogMeIn RemotelyAnywhere,LogMeIn
0f19bd07-3721-e8c0-0580-372dec964593,LucaNet.Excel-Add-In,Lucanet AG
3085dd93-f913-b270-4103-371ec1928932,LucidLink Classic,LucidLink
a492e49f-df0c-5b95-c124-36ee79795edb,Luna Modeler,Ideamerit s.r.o.
dfe00188-9360-84ed-bf9f-36dc2b646e3c,Macrobond,Macrobond
3629ecf4-ea1c-2fa7-828e-36dc2e275966,Macrobond Viewer,Macrobond
a519cb87-04ad-9eb7-2aea-36a2678dadc8,Mail Viewer,CoolUtils
017c48bf-4aec-25f5-0be7-35e1557d9203,Malwarebytes,Malwarebytes Corporation
c6c5a578-60f2-9a8c-6f1a-368f925b082b,MariaDB Server 10.2,MariaDB Foundation
3359874e-c0f0-c9ad-6f13-368f9250a473,MariaDB Server 10.3,MariaDB Foundation
0873a8df-75a8-b95e-6f0b-368f923a745a,MariaDB Server 10.4,MariaDB Foundation
70efbd6e-5f7b-396e-6f03-368f922c1337,MariaDB Server 10.5,MariaDB Foundation
3d575264-3042-3f2c-6efa-368f92196644,MariaDB Server 10.6,MariaDB Foundation
3e0b10b7-3692-ec63-5af9-368f03919ebc,MariaDB Server 10.7,MariaDB Foundation
a52ecb3a-1e96-0de8-efb6-36a134e9b0d7,MariaDB Server 10.9,MariaDB Foundation
11cd6bdb-b511-1c88-0349-36efdbc8da61,MatterControl,MatterHackers Inc.
13ecf85a-4e50-16c0-5848-35e155cafdf1,Mattermost Desktop,Mattermost Inc.
72fe3b73-d2a1-aeae-13ab-363601e2dec7,Maxcut,Maxima Software (Pty) Ltd
7947c398-0d11-520f-ec80-366138c3a930,MAXQDA 2020 Reader,Verbi GmbH
bffdeca1-1636-5457-0ba3-37037555dfe4,Memento Desktop Edition,MementoDB Inc.
5cfff713-0132-bbe2-3170-35e155a8bd4f,Mendeley Desktop,Mendeley Ltd
b6ca2f8e-05b2-957d-4bb9-363044aec79a,Mendeley Reference Manager,Mendeley Ltd
8c2532b4-c60a-ec46-6610-366198a3f518,Mendix 9,Mendix Technology B.V.
102d4c26-775a-a4fe-efc8-361589d0e41b,Mersive Solstice Client,"Mersive Technologies, Inc."
926f6877-cf16-2157-6302-37235f2be5e7,Meta Quest Developer Hub,"Meta Platforms, Inc."
0e29f6ad-7497-22de-47c1-3680ac3d4bf2,Meta Spark Player,"Meta Platforms, Inc."
12884620-6b08-23e4-be7f-36ee77e3590d,Meteor Modeler,Ideamerit s.r.o.
b63003ca-f75d-c73f-5dcf-35e155cfb337,Microsoft .NET Core 2.2,Microsoft
f6b4f382-a675-01d2-2881-3668d73394fe,Microsoft .NET Runtime 6.0,Microsoft
9b0e6ee2-0075-ffd6-ca6f-36b0933b360b,Microsoft .NET Runtime 7.0,Microsoft
39e35c9f-435e-acef-3da2-374126d26f83,Microsoft .NET SDK 9.0,Microsoft
4fe3dd87-d985-6e05-f2c6-36f83d5501e8,Microsoft Access Database Engine 2016,Microsoft
b1878fb7-4fd3-6aa3-12b4-35e155861a38,Microsoft Active Directory Rights Management Service Client,Microsoft
47b333de-0377-0c51-ae18-36d420df0b6e,Microsoft Analysis Management Objects,Microsoft
8ad5ae50-27b0-02ac-cead-36d41c795870,Microsoft Analysis Services ADOMD.NET,Microsoft
75723e1f-f0b9-b480-b92c-36d41b303560,Microsoft Analysis Services OLE DB Provider,Microsoft
ab3aa9bb-3da5-5a3f-63d3-3660673261e8,Microsoft ASP.NET Core Runtime 5.0,Microsoft
3aefbae0-1c6a-930f-2887-3668d73a6129,Microsoft ASP.NET Core Runtime 6.0,Microsoft
a72c84c8-752e-922a-ca9d-36b093b90615,Microsoft ASP.NET Core Runtime 7.0,Microsoft
b2e2896b-a27e-871c-5c32-35e155ceac4b,Microsoft Azure CLI,Microsoft
0419f6d5-a8b7-ee2d-e886-36e5d49e5ad3,Microsoft Azure Connected Machine Agent,Microsoft
3720a4e2-d894-36d8-222d-372568a043e5,Microsoft Azure Data CLI,Microsoft
dd3ba5e5-2203-fef7-ffa4-362223a9302f,Microsoft Azure Data Studio,Microsoft
0c4d6052-55e2-48af-618d-36e0b8935995,Microsoft Azure PowerShell,Microsoft
21428b45-c467-f9e2-509d-35e155c425b3,Microsoft Azure Storage Explorer,Microsoft
713f5e92-0f95-9850-46da-371f0701064e,Microsoft Bot Framework Composer,Microsoft
2925d7c3-aea5-dc6c-4690-371f06d7f798,Microsoft Bot Framework Emulator,Microsoft
1ffccace-27cf-842a-cb92-37049c079160,Microsoft Defender for Endpoint plug-in for WSL,Microsoft
9be421d5-ee5a-a5f7-54be-35e155c6d388,Microsoft Deployment Toolkit (8456),Microsoft
f9942718-cc9d-8456-5e9b-35e155d05d3f,Microsoft Edge Beta,Microsoft
18e5ec86-c62d-0379-86de-360ebf23061b,Microsoft Enterprise Mode Site List Manager,Microsoft
2774d986-43bc-5da4-71d4-369344ac9d12,Microsoft ODBC Driver 13 for SQL Server,Microsoft
e8be2028-33a3-d2b0-c540-362b02358e04,Microsoft ODBC Driver 17 for SQL Server,Microsoft
0c8e20b1-16d2-0532-0d8c-36ca46f62d45,Microsoft OLE DB Driver 18 for SQL Server,Microsoft
860d6281-ccfd-cc54-5833-35e155caf16d,Microsoft OneNote,Microsoft
cef1e543-a6a1-1b88-774f-36d8deb67de4,Microsoft On-premises data gateway,Microsoft
bad3c9c9-ddf8-52ae-3950-35e155b057cc,Microsoft Power BI Desktop,Microsoft
cdd3b673-c39b-ea11-46ce-35e155bda573,Microsoft PowerShell Core,Microsoft
0f5e571c-f961-d234-5cb7-35e155cf0187,Microsoft PowerToys,Microsoft
c2c8c7da-975c-c3ad-d91f-371dc6890953,Microsoft Purview Information Protection client,Microsoft
604cf357-be3e-dd81-daeb-3692268ed8ac,Microsoft Remote Desktop WebRTC Redirector,Microsoft
66ad6070-5747-4a84-a095-369258a485a2,Microsoft Remote Help,Microsoft
72ab50ff-8765-f430-426a-35e155bb1b13,Microsoft Skype for Desktop,Microsoft
74333742-fde4-1da1-28ea-35e155a0fc44,Microsoft Skype TX,Microsoft
e1b54a2e-d7c1-68e1-18a2-35e1558e4140,Microsoft SQL Server 2012 Express with Advanced Services,Microsoft
77a0c8a2-6f6d-fd6c-05fa-35e15577a546,Microsoft SQL Server 2012 Native Client,Microsoft
f45759fe-6158-10f9-2f38-35e155a7a161,Microsoft SQL Server 2014 Express LocalDB,Microsoft
e9bd1921-19fa-8f54-4728-35e155bdd05d,Microsoft SQL Server 2016 Report Builder,Microsoft
6aa62846-31b6-0f08-4651-35e155bd5ded,Microsoft SQL Server 2017 Express Advanced Edition,Microsoft
b2059d66-cd21-8893-5211-35e155c4ff0e,Microsoft SQL Server 2017 for Microsoft Windows Latest Cumulative Update,Microsoft
8dff01e8-624e-4644-34d8-35f6f9d3bb26,Microsoft SQL Server 2017 Reporting Services,Microsoft
110d9181-1d90-8bf8-b4c5-36fad5fe3c18,Microsoft SQL Server 2022 Express Edition,Microsoft
77d22710-32a5-4fdb-ec7b-3712316d5a58,Microsoft SQL Server Management Studio 20,Microsoft
3c8ba68b-11a4-5695-3792-35e155aee948,Microsoft Surface Data Eraser,Microsoft
68a84850-a268-59fa-729c-365fcf8e8d2b,Microsoft Surface Diagnostic Toolkit for Business,Microsoft
a7b99c0a-da46-a2be-107e-36b3b6c9f460,Microsoft System CLR Types for SQL Server 2014,Microsoft
f0560018-905c-1335-0bbe-36cecdae0f57,Microsoft Universal Print Connector,Microsoft
c0c71bc3-8b82-cade-35fe-35e155ad4f82,Microsoft Visio 2016 Viewer,Microsoft
efac7395-7318-08c8-0611-35e15577b42d,Microsoft Visual C++ 2005 Redistributable,Microsoft
fa8d6266-3948-6dad-1668-35e1558af73e,Microsoft Visual C++ 2008 Redistributable,Microsoft
c3512ff9-d54e-2c90-1673-35e1558afc03,Microsoft Visual C++ 2012 Redistributable,Microsoft
f29834f6-3d7c-6f72-3e8c-35e155b731d3,Microsoft Visual C++ v14 Redistributable,Microsoft
379055a3-9b25-0362-105c-35e15583eea6,Microsoft Visual Studio 2010 Tools for Office Runtime,Microsoft
ae29c196-8de1-8ef7-4d48-3668df957d7e,Microsoft Visual Studio 2022 Community,Microsoft
1d58a792-c77d-295c-010b-3668df9ee4ad,Microsoft Visual Studio 2022 Enterprise,Microsoft
031e723b-bcae-7eca-4d4a-3668df98e666,Microsoft Visual Studio 2022 Professional,Microsoft
38e2d01b-32fc-677b-47d3-35e155be5523,Microsoft Visual Studio Code,Microsoft
af8e52b9-6c1a-75fe-8115-366bfff55b91,Microsoft Visual Studio Team Explorer 2022,Microsoft
27713a2c-e8b4-eb63-51fc-35e155c4f454,Microsoft Windows Admin Center,Microsoft
51c3e2ae-53f4-2919-287f-35e155a09866,Microsoft Windows Assessment and Deployment Kit (ADK) for Windows 10 update 1607,Microsoft
32777bcd-a836-0e79-4bef-35e155c12484,Microsoft Windows Assessment and Deployment Kit (ADK) for Windows 10 update 1803,Microsoft
465c4b33-1eb9-e1bc-5233-35e155c515b4,Microsoft Windows Assessment and Deployment Kit (ADK) for Windows 10 update 1809,Microsoft
478ece70-be5a-35e6-5721-35e155c997e8,Microsoft Windows Assessment and Deployment Kit (ADK) for Windows 10 update 1903,Microsoft
f98c07a7-26a1-d580-80dd-35ff3a148c70,Microsoft Windows Assessment and Deployment Kit (ADK) for Windows 10 update 2004,Microsoft
64183e28-634a-56ad-a587-364e8ddae9a2,Microsoft Windows Assessment and Deployment Kit (ADK) for Windows 11,Microsoft
d5d33da9-a8f6-5857-3a12-366c39f7f9cd,Microsoft Windows Desktop Runtime 6.0,Microsoft
5588d88b-feda-9421-ca64-36b0931939ac,Microsoft Windows Desktop Runtime 7.0,Microsoft
6e26bc04-30f1-c772-afa3-365049204bb4,Microsoft Windows PE add-on for ADK for Windows 11,Microsoft
a36f9dfd-41f4-f953-55f6-36ea27af56a0,Mitel miCollab,Mitel Networks Corporation
96477e29-9403-962d-5e54-35e155d00462,Mobirise,Mobirise.com
1078a399-f8af-6432-99d9-36d86c602c6d,Mocha TN3270,MochaSoft Aps
efaefca3-f802-503f-a157-36d86c6543f8,Mocha TN3812,MochaSoft Aps
6f9516cd-ea90-156d-8a39-36d86c5580c4,Mocha TN5250,MochaSoft Aps
67d4ba70-27b6-bc5a-1649-37282e0b0d37,monday,monday.com Ltd
3b85f3d0-914f-101f-f264-36418710ae9b,MongoDB Compass,MongoDB Inc.
cb020ede-a666-13b5-770c-36e1ac73a818,MongoDB Compass Isolated Edition,MongoDB Inc.
3c6038ea-07eb-8d45-7d49-36e1ac7b368f,MongoDB Compass Readonly Edition,MongoDB Inc.
cd6d5aef-f9c0-2666-c791-36fbff62251b,Moon Modeler,Bizagi Limited
9f3db763-e1ac-df68-fa20-36cf0fc2d5f6,MOOS Project Viewer,MOOS Project Viewer
4b1c76a7-2fcc-ab20-3a77-371d30a9209f,Morphic,Raising the Floor – US inc.
8b831845-d4e8-2b28-1564-35e15589d3b1,Mozilla Firefox,Mozilla
37a3f6b5-8193-9520-e648-36a1675f893c,Mozilla Firefox ESR 102,Mozilla
058a1ffd-0893-138d-571e-36efcfee3a25,Mozilla Firefox ESR 115,Mozilla
be031777-99b6-db5b-2006-35e1559661f1,Mozilla FrontMotion Firefox Community Edition,Mozilla
eda8d76e-3670-8864-1451-35e15587a4ff,Mozilla FrontMotion Firefox Community Edition ESR,Mozilla
3ddcbdb0-de92-6a94-3fc4-35e155b8e24a,Mozilla SeaMonkey,Mozilla
ae6e5dce-b2d6-65fc-0858-35e15579d226,Mozilla Thunderbird,Mozilla
821a2f4e-81d7-050a-f1e6-36f83cb1b3c0,mPollux DigiSign Client,Fujitsu Finland
3d0b659f-0abd-08e6-6a9a-36ef636f9270,MSEndpointMgr Intune Debug Toolkit,MSEndpointMgr
b9b1d4e0-f3d1-f90e-2948-35e50ad93558,MSIX Core,Microsoft
9306ef4d-bbfa-67cb-8c5a-37054c55d883,Multilogin,Multilogin
f1f18e2e-7f30-205b-3c65-35e155b504ce,MuseScore 3,MuseScore
bde7bf3c-11ed-6672-0c94-36b7d680dd7b,MuseScore Studio 4,MuseScore
f54d3534-dab5-a415-ee5b-3728ff55f95b,Nagstamon,Henri Wahl
a34e7fcd-b928-2877-b6f4-366cf9225a6d,NAPS2,Ben Olden-Cooligan
010cb168-ddf7-ac8e-795c-36d1f96ed35d,NCPA,Nagios Enterprises
cbcc89f6-bbf2-7c53-9dc3-3635c811f84a,Nessus Agent 10,"Tenable, Inc."
2304c820-cbab-c8d9-9830-3714277e16af,NetBird,NetBird GmbH
477e001b-a0b3-e95d-5584-361ecf1a42c5,NetLogo,CCL
a23b5419-504b-b123-5b4e-36628b683d35,NetSetMan,NetSetMan GmbH
8c5ceb0a-26de-928b-93ff-371e91f022d1,NETworkManager,NETworkManager
d385d306-2457-6581-98e4-36c78a2bec14,New Relic Infrastructure Agent,"New Relic, Inc."
c325ea4e-b500-0db7-3fb3-35e155b8d828,Nextcloud,Nextcloud
df13cc54-bea4-a07a-c5dd-36d162f6e369,NextivaONE,Nextiva
3eeccb15-2956-9009-44f9-35e155bc71b5,Nitro Pro 11,Nitro
46ac8a19-32ec-3786-5d53-35e155cf710e,Nitro Pro 13 (Retail),Nitro
4a18f643-bc1d-0aff-463a-361d74486627,Node.js 15,Node.js Foundation
c65c4687-8f21-f4ef-9b64-3664e94832d3,Node.js 17,Node.js Foundation
bc612fb5-3ea0-37da-cdbe-3688ac7a0a2c,Node.js 18 LTS,Node.js Foundation
5b1d018c-935b-caad-5687-36ac4b310309,Node.js 19,Node.js Foundation
526328a2-5ed4-e449-c101-36d03752f55d,Node.js 20 LTS,Node.js Foundation
f0d61382-fff1-cd7c-330a-36f658ee379b,Node.js 21,Node.js Foundation
96c32333-68b5-5247-a601-37193ebb4607,Node.js 22 LTS,Node.js Foundation
75abd9d5-bc20-0d3c-52bb-35e155c56109,NoMachine,NoMachine
51d25d55-f086-5ece-4b2b-36bdf454972a,NoMachine Enterprise Client,NoMachine
c8e23d2e-b835-c71c-562c-36bdf472b5c1,NoMachine Enterprise Desktop,NoMachine
988583f3-6378-d26c-008d-3700b23d1a97,NoMachine Fonts Others,NoMachine
b1f1be1c-016a-8ecf-b910-361887656a94,NordLayer,NordVPN
6cdfe3fd-de83-96a6-0657-35e15577dcd9,Notepad++,Don Ho
ba6bfe54-711c-3124-4a1c-35e155bfb3af,NV Access NVDA,NV Access Limited
77078e3d-38a1-42cf-9a72-36628d03d39b,NVIDIA GeForce Experience,NVIDIA
cc4ee8e1-9570-6901-86d6-3717b28edba2,NVivo 12,Lumivero
c3fc665b-fd43-61b0-30c4-3717b2f1c7b5,NVivo 13,Lumivero
cd1771db-0e74-3aeb-dbc8-36f4bf8078a2,NWEA Secure Testing Browser,NWEA
b49a3da4-ec28-7519-8422-366531c8d062,Obsidian,Obsidian
381eef84-042e-0f45-e74e-36fbca769c2c,ocenaudio,ocenaudio
7e590ab2-4b9d-b27e-2b84-36cd990f2b14,Oh My Posh,Jan de Dobbeleer
843f5e59-972b-3d55-c6ac-36ebadace7f4,OnSIP,Junction Networks
15147f32-86f9-7a41-b537-3720fe2d4dad,OpenAudible,openaudible.org
694f7ebf-0c0f-7050-5cc4-35e155cf08ae,OpenDNS Umbrella Roaming Client,OpenDNS
a82ccef6-d459-33cb-c1d0-36893e4da78e,OpenJDK,Microsoft
aacbfa0c-4764-5de6-3f7c-3644309bab1c,OpenJDK 11,Microsoft
191fcfbd-30e1-a5cd-75bc-365570dbf568,OpenJDK 16,Microsoft
3dc35d7e-5b62-29f3-bb83-3661f3c2d875,OpenJDK 17,Microsoft
fe320e6a-8eb5-6cb0-b279-36cdd3ee2e6f,OpenLens,OpenLens Authors
e86a8934-547d-7e6c-51d2-35e155c4d02d,OpenShot Video Editor,OpenShot Studios
f5d86c80-f368-5091-0b90-35e1557d3799,OpenVPN,"OpenVPN Technologies, Inc."
031aa253-8f1c-6971-f9e4-3679be39a238,OpenVPN Connect,"OpenVPN Technologies, Inc."
6f778880-4eec-4d4d-c931-36bdbd49877a,OpenWebStart,Karakun
e1d05f41-1ba3-8b58-1952-35e155902546,Oracle Java Runtime Environment Version 8,Oracle
b6adce15-3cb7-c0f1-7f27-365e135f7f7c,Oracle Java SE Development Kit 17,Oracle
20a0668d-90b8-9b98-eaec-373658a298ec,Oracle Java SE Development Kit 23,Oracle
d2c2239c-4440-b365-5a26-35e155cc8d65,Oracle MySQL Connector NET 8,Oracle
66159ab0-6799-32cc-48ed-373c6b92435a,Oracle MySQL Connector NET 9,Oracle
6c54d6b5-e621-7afc-28db-35e6a86ac2ae,Oracle MySQL Installer 8,Oracle
4dbb54f5-5bf3-e6bb-7fcd-37126aa36587,OrcaSlicer,SoftFever
e41b103b-ca76-8e16-2d69-35e155a4e9ca,ownCloud Desktop Client,ownCloud
ad2a2b1d-72a6-8ae7-45f0-371e69de5147,Pandoc,John MacFarlane
e2d2b041-c686-7712-acca-36d1ef50ebf3,PaperCut MF,PaperCut Software Pty Ltd
0d1ad2da-6cfd-01da-b1f1-36c2a0b63b05,PaperCut Mobility Print,PaperCut Software Pty Ltd
a09b21c1-7ed3-3e81-ace3-36d1ef6128de,PaperCut NG,PaperCut Software Pty Ltd
dc9e239c-37a9-53f9-efcc-3729001ffed8,Paperpile,Paperpile LLC
32180b3c-1204-a2b0-57c4-3640d0ea537e,Parallels Client 18,Parallels International GmbH
fce4c4fe-35cc-c72a-005d-369c348f196c,Parallels Client 19,Parallels International GmbH
07a0c97b-9486-9d36-eaac-3645ad6903c7,Parallels Toolbox,Parallels International GmbH
a4dd7e4a-f093-8b8f-0dd5-35e1557ff26c,Password Safe 3,Password Safe
4f6bb39f-f9af-316d-d4ba-3728f9bebd90,Path Copy Copy,Charles Lechasseur
88ea224d-b0cd-c107-a81e-371ba7474ee7,Pausit Launcher,Pausit AB
ff8c7da6-2477-eecb-fde5-3730d1107a90,PDF Studio,Qoppa Software
6f4c5671-8c3f-0f87-4556-3730d80ee85c,PDF Studio Viewer,Qoppa Software
9de53386-d25f-1c8b-06aa-35e15578331b,PDF24 Creator,geek Software GmbH
969c713f-245a-eb0a-06b7-35e155783adb,PDFCreator,pdfforge GbR
2341eb67-13c9-8535-0a0f-372dffa6fabc,pdfFiller,"airSlate, Inc."
b6b77ff9-f1b6-c7d0-eb57-370a81149413,PDFgear,PDFgear
0e413a4b-48b0-03e9-3876-35e155afa875,PDFsam Basic,Sober Lemur S.a.s. di Vacondio Andrea
e363e4e4-73f1-936b-2952-35f143b19364,PDFsam Visual,Sober Lemur S.a.s. di Vacondio Andrea
4885e9ee-2783-2ca2-ec08-364f8d6cb5e7,PDF-Tools,PDF-XChange Co Ltd
c5e728a5-b430-c55a-45fe-35e155bd0d79,PDF-XChange PRO,PDF-XChange Co Ltd
53aee769-038e-e6b0-0b37-35e1557d00c4,PeaZip,PeaZip srl
49a08c4b-0ab5-496d-0f21-3729c8eb8bbd,PerformanceTest,Passmark Software
57157aa3-a93f-9183-7c7b-36ff3f9c4fbf,Perky Duck,Duxbury Systems
2f7911a8-22f0-5727-17b4-362f1d9b6415,Pexip,Cloud Video
3703a6e6-c486-3901-87db-36b18c3bd402,Pexip Infinity Connect,Cloud Video
8403e3ea-3bd9-0f43-5c97-36a7221b2db4,pgAdmin 4,EnterpriseDB Corporation
302125c4-dbad-163f-a48b-364a0c5a2d97,PicPick,NGWIN
0ef93799-22b2-d855-4ec3-35e155c336bd,Pidgin,Pidgin
773677d5-2a6a-32e3-028d-35e155736a59,Piriform CCleaner,Piriform Ltd
17f27e7d-76a2-0c04-20b2-35e15596be6f,Piriform CCleaner Slim,Piriform Ltd
fe6c64b4-70c6-cc96-987a-3700f46c5528,PL SQL Developer 15,Allround Automations
e647c1a2-041c-4bf2-f720-36cc783c5ddc,PlanGrid,"PlanGrid, Inc."
19e36db2-bf08-f3e9-5c1b-36dcf8676687,PLEdit 7,Benthic Software
9efdd9ee-54b3-d6cc-4c8a-35e155c18512,Plex Media Player,Plex
06d9b869-48dd-e52e-4c79-35e155c17b89,Plex Media Server,Plex
6e4d6fd9-28a3-650f-7fdc-361137f3aa51,Poll Everywhere,Poll Everywhere
381e90c0-df95-c820-bee0-3662944c0346,Poly Lens Desktop App,HP
4bc65e04-e8dd-3e2c-b2c7-36fad453b8f8,Power BI ALM Toolkit,Power BI ALM Toolkit
e9f591d7-9c68-d4c4-9b9b-36cdd106f782,Preform,Formlabs
ba0605f3-a4fc-64b2-2c86-36acda59154f,PrinterLogic Printer Installer Client,PrinterLogic
12082ec2-f328-221d-0038-36e882bb2d2a,PrivadoVPN,Privado Networks AG
c269dca5-3050-430c-04a6-366cc5e3b694,Private Internet Access,Private Internet Access Inc.
244d9e26-ea28-0b37-720f-37005860b56b,proCertum SmartSign SimplySign Desktop,Certum
524bdd51-9bbe-b991-563b-35e155c923ed,Project Plan 365,Housatonic
1939e5c0-63a1-54c3-564b-35e155c92c45,Project Viewer 365,Viewer Central
ded3ab0b-ff64-0fe3-6ac5-372dcab06e6e,Proton VPN,Proton AG
7e475235-3d3f-939b-9a98-36cc1881e3a3,PRTG Desktop,Paessler AG
c6498d14-199e-a2dc-3e72-3637c9758cd2,PSPad,Jan Fiala
273daa08-8395-618f-c83f-363ca764245c,Publish or Perish,Tarma Software Research Ltd
9882ab32-0fa8-7146-90d3-373085edf27d,Publisher Select 3,Canon Production Printing
609057fb-c2a7-0baf-6c6d-36e0acd28a09,Puppet Development Kit,"Perforce Software, Inc"
793b57dd-ef4c-4c46-06e5-35e155787f75,PuTTY,Simon Tatham
3604e5cf-3114-6aa6-dfc7-370768c08ef3,PuTTY CAC,Simon Tatham
e9234715-793e-0ce2-1e59-3661fdb66e06,Python 3.10,Python Software Foundation
1fcf3f84-f609-547e-6b0b-36ad9ef642ed,Python 3.11,Python Software Foundation
3b6b79a3-35b5-d66e-3d79-36f13534cd88,Python 3.12,Python Software Foundation
3cff8729-5aff-67bc-958f-373a0c3fce44,Python 3.13,Python Software Foundation
9239778c-0255-bbc8-23ca-364e9912c23e,Python 3.7,Python Software Foundation
a3283c44-5caa-ea0e-0b20-35e1557ccd1f,Python 3.8,Python Software Foundation
58fd361b-c2ba-28ce-ee94-3635f51e1350,Python 3.9,Python Software Foundation
268c9741-9c5e-bc66-2639-35e1559c7e00,QGIS,QGIS
69f56058-3607-f00f-51ad-35e155c4bdb3,QGIS LTR,QGIS
19b6a66b-1238-141e-0f10-36476f385b79,QNAP Qsync,QNAP
1d2cd295-7371-aa5f-38d4-3685f46d003e,Qurentis,Qurentis Software
455c9b7d-c47b-2722-2afc-35e9396cf793,R for Windows,R Core Team
93caacc0-4bfe-f1c4-6d12-3725cc617319,RadiAnt DICOM viewer,Medixant
4d1a3a31-16fa-ac32-5864-36d9982d37b2,Rainmeter,Rainmeter
a6e94990-75ac-2cc5-dad8-370faa29a8bb,Rancher Desktop,SUSE
548b8d28-a223-7a54-09b6-35e1557b08ea,Rarlab WinRAR,Rarlab
42ba3440-85f2-e6f6-30ab-370cb682f2d4,Raspberry Pi Imager,Raspberry Pi Ltd
ce568239-4dc7-77de-a04a-371bdf46d37f,RBTools,"Beanbag, Inc."
113ecbd9-7ff4-a527-222c-35e155980e2c,REAPER,Cockos Incorporated
02e20eae-704d-9a4a-bebf-3728ff93519f,Red Hat OpenJDK,Red Hat
4e00af0e-7d68-a773-d4cd-3728f9c71dd8,Red Hat OpenJDK JRE,Red Hat
890a5401-5160-0f2a-c6b4-36dfbcca87ae,ReluxDesktop,Relux Informatik AG
200ab841-90bd-9aa8-2130-37292c3b41ef,Remote Ripple,GlavSoft LLC
87acb02f-2121-110e-cc1c-372fd2be5fbd,RenderDoc,Baldur Karlsson
38d9d8c7-826d-adb8-6ad3-367542361183,REV Hardware Client,REV Robotics
4faa0caf-6eaa-98b5-97db-35fed57f0640,RingCentral App,RingCentral
9814ae48-872c-dbe1-a902-36168b39034d,RingCentral Phone,RingCentral
c759a762-d387-36df-fbcc-366262b35a34,Robo 3T,3T Software Labs Ltd
1e9dc449-4f37-a504-176c-35e1558c2bfe,RoboForm,Siber Systems Inc
c106111f-da24-9200-43a1-365effd72935,Rocket.Chat,Rocket.Chat Technologies Corp.
cd284cb0-cce6-1cf2-1d08-35e155943f0a,Royal TS 5,code4ward.net e.U.
d02ec737-cb96-da5a-b526-364b31d0cea0,Royal TS 6,code4ward.net e.U.
0283019e-82d8-aefa-acfd-36a982636482,Royal TS 7,code4ward.net e.U.
6a6b9ee1-0b38-18b7-9fdb-369bf77f87e9,RStudio 1.4,RStudio
39b7a222-f8f8-74b5-3d4b-35e155b65aaf,RStudio 2022,RStudio
1ba8bcd8-8ee8-297d-d1b4-36cd480b0ca7,RStudio 2023,RStudio
e56e72a2-5feb-184a-82ef-371ad3d90fcf,Rstudio 2024,RStudio
0ffe294a-018b-384f-19d9-372865ac80c7,RustDesk,PURSLANE
2bc41a1f-bd62-bafb-37a6-35e155aef49c,RVTools,"Dell, Inc."
0fe67a53-a1df-b5b8-424f-3706ca52427a,Salesforce CLI sf v2,Salesforce
2643a876-2d89-4549-796f-37215a48b1a0,Samsung Smart Switch,Samsung
983fa4b9-9c0b-b2e1-18d8-35e1558fc00d,Samsung Smart View,"Samsung Techwin Co., Ltd"
a366a6ed-3611-1b5b-58cd-365faa03e8e5,SanDisk Dashboard,SanDisk Corporation
3d5e243b-5f80-39db-9a76-3714e9b69897,Saola Animate,"Atomi Systems, Inc."
3509b09b-5496-dd93-f2b5-36e5d52a72ab,ScaleFT,ScaleFT
18aedd2e-5074-02ce-0928-36b5de8216ff,Screen InStyle,EIZO
2f4f24eb-9f36-fcd9-0bce-37459006138b,ScreenBeam Conference,ScreenBeam Inc.
3a261644-5824-a070-37e4-371585eb1b0c,ScreenCloud Player,ScreenCloud
37c6a662-3485-2a94-5db5-36800a99582b,ScreenToGif,Nicke Manarin
726a787e-9017-e2be-84ae-36a9aef6def6,Sejda PDF Desktop,Sejda BV
bffcdca1-3ad9-642b-6e79-36a7286bca8b,SelfGuide Recorder,PolderValley
956468f2-042c-fda7-e54b-3716276acb10,SharePoint Online Management Shell,Microsoft
a62291f7-cde1-1a0e-2de8-35e155a59f0a,Shotcut,Shotcut
d2cb9d01-f952-46b0-b56c-36d9022dec71,SHOTPlus 6,Orica Limited
ecf20de2-6a2a-4ad6-b546-36d9021b1794,SHOTPlus Tunnel,Orica Limited
25ba004f-171d-3924-b557-36d90224a0be,SHOTPlus Underground,Orica Limited
1ffbe120-560f-a04b-1a99-3711cd78b656,SideQuest,SideQuest
f20dfe9e-74bb-044d-64a5-36fb3293ee1c,Signiant App,Signiant Inc.
49a68135-957a-6348-ec05-37083124602d,Simple Sticky Notes,Simnet Ltd
1a7bc3fe-ee19-0286-7691-36fd889ba0bf,Simplenote,Automattic
16accb28-c9d1-145b-a6ff-3755c15e5a05,Sketchup Pro,Trimble Navigation Limited
1e8c650a-1e4f-6e35-b7f2-3715557d6270,Sketchup Pro 2024,Trimble Navigation Limited
ca336010-18ad-cf84-41ef-35e155bac2b8,Skillbrains LightShot,Skillbrains
47b0dfd1-0d59-83ac-eb8c-36e8f69c98a0,Slido,Slido
90885989-e559-e616-0c82-35e1557e49b3,SmartFTP Client,SmartSoft Ltd
bb604089-6404-d000-150d-36cb1014a868,Smartsheet desktop app,Smartsheet Inc.
f67a9770-9ee8-9102-4f89-370376a923b4,SMath Studio,SMath LLC
640dd1e1-64b2-b9c1-5f26-35e155d0ab11,Snagit 2018,TechSmith Corporation
c51a06c0-9d10-dee4-0abd-35e1557c3cd4,Snagit 2019,TechSmith Corporation
08826614-88ee-3de8-5f32-35e155d0b107,Snagit 2020,TechSmith Corporation
7e2efe02-66c3-81ab-2dae-361d3d92ba98,Snagit 2021,TechSmith Corporation
e6a2ee05-1d14-e764-6344-36ada54e2f5c,Snagit 2023,TechSmith Corporation
cc41698e-b5e9-2770-8313-36f102ffbf65,Snagit 2024,TechSmith Corporation
f95367b0-c463-491e-f9b9-36cf0f1a794f,Snapform Viewer,Ringler Informatik AG
85509b7d-929e-0e25-5ba0-35e155cd4f88,SnapGene Viewer,GSL Biotech LLC
2b67746a-f3ee-dbb6-05fd-364d61931038,Snapmaker Luban,Snapmaker
49b3e6e9-00da-1b6e-c6b2-36da07c3adec,SnelStart,SnelStart
e6037682-895e-afcc-235a-35e15599f0d9,SoapUI,SmartBear Software
3e4e710d-2a42-9172-0cc6-35e1557eb91a,Softerra LDAP Administrator,Softerra
19f60a52-edbb-2bd0-0ce9-35e1557ecb93,Softerra LDAP Browser,Softerra
9a33717e-3672-08eb-0e93-35e155810fe8,Softland doPDF,Softland
c2751160-551a-9329-3c77-35e155b510bd,SolarWinds Orion SDK,SolarWinds
81d7fcca-55cd-e23e-15c4-36d8acea24c6,SonicWall Connect Tunnel,SonicWall
3c82bb1c-20a8-2109-4ffc-369e821b0342,SonicWall NetExtender,SonicWall
b557dbe8-858c-7750-5254-372989607d43,Sophos Connect,Sophos
c0851742-72b6-c162-2add-35f9b9eb1646,South River Technologies WebDrive,South River Technologies
6fbf19d0-b737-ae17-cd03-363ecc376025,Spectrometry,PASCO scientific
99c70b13-99c7-c9de-7d16-36f4bf2bcd20,Splashtop Business,Splashtop Inc.
58828d99-fcfb-c93e-3ed3-35e155b7d7fe,Squirrels Reflector 3,Squirrels
bee39484-ef15-018b-9b16-365221262309,Squirrels Reflector 4,Squirrels
37f34d5d-f53f-5e14-126f-35e15585ef6c,SRWare Iron,SRWare
f305fa18-0498-c7d7-4b22-36cdad663686,Steam,Steam
1cdec6a2-b2f9-646c-35e4-36eb759088a0,Stellarium,Stellarium Developers
4a89046c-91f9-dc10-8edb-367a8c2c2916,Storyboarder,Wonder Unit Inc.
e75b27e8-53fd-5616-d420-3728f94b7f65,Striata Reader,Doxim LLC
21ab61eb-c41a-87f2-f7df-3714caaaf818,SuperOffice WebTools,SuperOffice AS
673a3bbf-e9c4-54cb-5340-35e155c5c7ba,SURF eduVPN Client,SURF
b9b9ac3f-0c8e-1127-1cd0-35e155941da7,SURFdrive,SURF
75528072-05d7-a26e-0ad7-36de4fd80157,Symphony Desktop Application,"Symphony Communication Services, LLC"
c0ed4cb1-0013-0279-3521-35e155ac0c6c,SyncBackFree,2BrightSparks Ptd Ltd
e22afa24-26ec-b212-c1aa-37251f358c37,SyncBackPro,2BrightSparks Ptd Ltd
aa819b7b-7a62-df18-461e-35e155bd431b,Synology Cloud Station Backup,Synology
769c22ee-89e7-c229-18bd-35e1558ebbbc,Synology Cloud Station Drive,Synology
4e6dd549-fd66-200b-4629-35e155bd4b73,Synology Drive Client,Synology
0ab69ca4-0ca7-d819-18c7-35e1558f5550,Synology Evidence Integrity Authenticator,Synology
a80c1565-007e-15c9-4b83-35e155c094dc,Sysprogs SmarTTY,Sysprogs
4f7f6306-eedc-441b-2a2b-35e6a86b6705,Tableau Desktop 2022,Tableau Software Inc
a240a781-747f-1725-0d55-3729c7cf1879,TablePlus,"TablePlus, Inc"
1729aae9-6382-7cb8-50ef-36310c9c04ac,Tabular Editor 2,Tabular Editor ApS
55e77092-b74f-7910-0108-36b3b70d63b2,Tailscale,Tailscale Inc.
b25496f2-4203-9626-ee72-36fee3f4bd62,Talkdesk,"Talkdesk, Inc."
3df704ad-0275-896f-1b19-35e155914fe3,TDP SecureAnyBox Agent,TDP s.r.o.
8db7ffd0-d9fa-1710-466c-35f5cc1a1b0c,TDP SecureAnyBox Launcher,TDP s.r.o.
b62e302b-a419-bef6-46b7-36f485305e61,TeamCity,JetBrains
ef16ca01-fba9-339f-cd39-36ff279476f8,TeamDrive,Pinjan
b2c19b5b-89da-a235-1915-35e15590039d,TeamSpeak client,TeamSpeak Systems
c0f21ac3-c9fa-493f-5704-35e155c98aac,TeamViewer Host,TeamViewer GmbH
3747690d-fe55-a3cc-55b2-3721298a706d,TED Notepad,Juraj Simlovic
d5840242-f5a3-68b3-f7b1-36fdef7b58fb,TELUS Business Connect Phone,Telus
e18d801a-d152-0225-40b3-35e155ba0e97,Temperature Technology T-TEC,Temperature Technology
d5498c4b-c6b4-bd7d-eb9b-363850e046c1,Teracopy for Windows,Code Sector
0646febb-fc9f-c2ac-128c-36d4875d117a,TextExpander,"TextExpander, Inc."
7b752bce-a2a0-8974-0d23-35e1557eea92,TGRMN Software Bulk Rename Utility,TGRMN Software
397c49c9-b208-90db-940a-3708c202f08b,The Document Foundation LibreOffice 24,The Document Foundation
66be8883-b4d8-b84c-a9aa-3708c3cb5b97,The Document Foundation LibreOffice 24 Help Pack,The Document Foundation
679be95e-df73-4026-4f8a-35e155c39c7a,The Document Foundation LibreOffice 6.2,The Document Foundation
44ed608f-388d-5968-5a8b-35e155ccbd14,The Document Foundation LibreOffice 6.3,The Document Foundation
55d72944-1aa1-adbe-dede-35e96bbda0c2,The Document Foundation LibreOffice 6.4,The Document Foundation
31ad126d-c78f-a34b-c60d-36a048764984,The Document Foundation LibreOffice 7.4,The Document Foundation
b35bc45e-539d-0083-c63f-36a04898b2be,The Document Foundation LibreOffice 7.4 Help Pack,The Document Foundation
a53c0f05-c81b-a79a-67f2-36c17679fe64,The Document Foundation LibreOffice 7.5,The Document Foundation
a4dce29e-8fa1-9995-6819-36c176b29070,The Document Foundation LibreOffice 7.5 Help Pack,The Document Foundation
8722a1d8-e445-165a-6827-36c176d5117d,The Document Foundation LibreOffice 7.5 SDK,The Document Foundation
806113af-3e0e-be8c-82df-3729c3fd87a5,ThinkPad TrackPoint Keyboard II Software,Lenovo Software
4840511f-89a2-49c9-9a58-368a4967ba9f,Thonny,Aivar Annamaa
8f4e5e5a-bed3-fa50-badd-36d5e3bdd756,Thycotic Application Control Agent,"Thycotic Software, LLC"
14907558-4373-8223-afa6-36d60eca451b,Thycotic Directory Services Agent,"Thycotic Software, LLC"
f16e7e39-4f06-21d3-af94-36d60ec0a7c5,Thycotic Local Security Agent,"Thycotic Software, LLC"
6ec0b7a5-6551-bf87-21fd-36956c2ae636,Tidio,Tidio
4192a501-8f03-d5aa-0d0d-35e1557edf3f,TightVNC,TightVNC
e18d714a-f030-16e8-51f8-37243cb1de3c,TI-Nspire CX CAS Student Software,Texas Instruments
3c6ff6af-81e7-6237-0477-36ff2c71c580,TI-Nspire CX Premium Teacher Software,Texas Instruments
b126dbfa-a6a2-f17a-8bcd-36c85e177294,TI-SmartView CE-T,Texas Instruments
5352547a-163f-3053-0ac5-37428c724abc,Topaz SigPlusExtLite,"Topaz Systems, Inc."
340995f3-18af-2b26-3f1f-35e155b82d29,TortoiseGit,TortoiseGit
19685b9a-dc42-0d1a-3f35-35e155b83915,TortoiseHg,TortoiseHg
edbbab29-753d-03eb-0bb6-35e1557d4aac,TortoiseSVN,TortoiseSVN
026fe679-0473-c7bc-4a9e-35e155bffbce,TortoiseSVN ipv6,TortoiseSVN
04d78270-8463-a205-1e48-36d77240b46e,TransIP STACK,TransIP BV
67f9bec1-5fa4-edbd-1968-37122dd9bf01,Tribler,Tribler
da534992-2a29-8bf1-4df4-36ee6cbf213d,Trimble Connect,Trimble Solutions Corporation
db993aea-3f1c-0cc2-d78d-36d163382b99,TSPrint Client,Terminalworks
cc522ad4-7f10-c89f-1125-35e1558497d8,Turbo Studio,Turbo
28eb9714-0701-66c9-361b-35e155ad8851,Turbo.net Desktop,Turbo.net
4e243a68-fbd1-a7f6-bfb7-372f3dbeae9e,TurboVNC,The VirtualGL Project
65c81c13-491e-f478-385d-3722ac3aaa81,Typora,typora.io
290c9df7-f001-7ac1-547a-37243de3c724,UEStudio,IDM Computer Solutions
9f095a03-1dd9-cd57-386b-35e155af9d22,Ultimaker Cura,Ultimaker
d5f8c631-d40e-7120-31e9-36f84a77bfeb,UltraCompare,IDM Computer Solutions
fc554895-188f-dfdc-eacb-37243dbc5d07,UltraFinder,IDM Computer Solutions
013e59b7-c0d6-7739-551b-370cb892bee1,UltraFTP,IDM Computer Solutions
a1512a2d-eb4b-886d-0e73-35e15580f87b,UltraMon,Realtime Soft Ltd
faf95b2e-cc7d-4840-3893-368881220856,UltraViewer,DucFabulous
72647cca-2b51-263a-088b-35e15579f41f,UltraVNC,UltraVNC
8e7f1aa1-fe43-ef15-b526-3684c6f3916a,Unity Hub,Unity Technologies ApS
b2f6254e-35df-4a21-30e7-371e5cc36eb5,UNIVERGE BLUE CONNECT,"NEC Platforms, Ltd."
f8f5615a-bf40-b200-c9b8-3729289358a3,UrBackup Client,Martin Raiber
67c6a0f8-a511-32fd-db01-365b80395fb3,Vagrant,HashiCorp
446bd095-f883-0066-5a30-35e155cc90f9,VariCAD,VariCAD
992f4c9b-03e1-1cc7-2e95-35e155a6b1be,VariCAD Viewer,VariCAD
cb4622a9-d227-7e24-5b84-35e155cd40e4,VeraCrypt,VeraCrypt
dc3a175a-8d26-8620-927d-36fd8bdeadc0,VEXcode IQ 3,VEX Robotics
ba4a091e-aae8-8587-95b1-36fd8c2f747a,VEXcode V5,VEX Robotics
f75c82eb-2f96-5802-0dd4-372549a394fe,VideoScribe,Sparkol
d4be01f5-0086-ffc0-f1a4-36ae38c0262d,Vim,Vim Developers
c7eda731-3384-868b-dee1-36609c8730a0,Visual Paradigm Project Viewer,Visual Paradigm International Ltd
a78b4fd1-9e89-d3ad-2e21-361018d8f281,VMware Horizon Client 2006,VMware
7f0a7589-cb53-ef99-8c16-362d842dca31,VMware Horizon Client 2012,VMware
6486e55e-720a-2570-a541-363ba66f5870,VMware Horizon Client 2103,VMware
b340b681-48ce-acd9-2445-36acce629d08,VMware Horizon Client 2209,VMware
b481a788-accf-f175-4901-35e155bf0a72,VMware Horizon Client 4.5,VMware
b1a38a13-14fa-097f-4908-35e155bf0cd4,VMware Horizon Client 4.6,VMware
e801973f-25a3-cec7-4916-35e155bf12ca,VMware Horizon Client 4.7,VMware
54bd5617-381c-0b8e-5079-35e155c4103e,VMware Horizon Client 4.8.1,VMware
98a4bf28-3cce-7a37-57d1-35e155cab408,VMware Horizon Client 5.0,VMware
0167cf33-d60f-418a-5cfe-35e155cf24b2,VMware Horizon Client 5.2,VMware
d2153270-31dc-d3fc-3cc2-35f56784719b,VMware Horizon Client 5.3,VMware
eedf6e28-6be9-f93e-92ab-35f974f63721,VMware Horizon Client 5.4.2,VMware
35937efd-7608-3d09-4482-36038c844416,VMware Horizon Client 5.4.3,VMware
a82ed910-4f2e-60b1-6378-361fc4dea65f,VMware Horizon Client 5.5,VMware
04ee14f2-bbfe-704e-31be-35e155a8eab6,VMware Horizon View Client 3.5,VMware
36bf413a-b8e7-3644-08cc-35e1557a14e8,VMware Horizon View Client 5.4,VMware
12da24e2-dc08-0aa7-4955-35e155bf41c0,voidtools Everything,voidtools
c1d24a9b-69db-d0d6-47d4-366d2c2b6f3a,voidtools Everything Lite,voidtools
a90aaa58-c7cf-326f-d034-36e5cd61cce6,VSCodium,VSCodium
34bff681-f8bf-b4f9-2981-35e155a1ddf8,Waterfox,Waterfox
f2847dbc-e459-300d-8ed9-365f1285721a,Waterfox Classic,Waterfox
f13a41ce-20f2-59fc-27d6-372891882648,Wazuh Agent,Wazuh Inc.
1eb9f05a-618c-8e0f-fd47-3736ebe2126f,WebStorm,JetBrains
ea3058f0-43b3-13bc-0ae9-370b8d5849e2,WebStorm 2022.2,JetBrains
ad428dd1-ae4a-6914-02a0-371d3115bbe4,Wildix Collaboration,Wildix Inc.
f7ba9aea-a8f1-4764-5791-3672454d5d49,Win10Pcap,"Daiyuu Nobori, University of Tsukuba, Japan"
6bbaf849-521f-9e84-89a5-373109099051,Wind Financial Terminal,"Wind Information Co., Ltd"
f0adaa59-01cc-02ca-4b6e-35e155c087c0,WinDirStat,WinDirStat Team
c57ac54b-5131-5f62-f950-367f81c1ba64,Windows 10 Codec Pack,Cole Williams Software Limited
858c0bc5-8dbd-5e0e-0a2b-35e1557b4dd4,WinMerge,Thingamahoochie Software
51ed62fb-08ab-c365-09c9-35e1557b130c,WinSCP,Martin Prikryl
f10054f0-c2f6-b989-48b4-367441cec357,WireGuard,WireGuard LLC
0de7fabe-3401-74d2-a22c-3729f4044478,Wireshark,Wireshark Foundation
1a38b021-ee57-ebcd-1cf1-370cdcbf5367,WiX Toolset 3,WiX Toolset
8578c0a8-127d-b53b-77c9-367572205c28,WizTree,Antibody Software
aa962067-1412-3292-852b-369c543b5728,Wrike,Wrike.com
f0f2fad9-fb2d-8ce1-a24d-35ebc732bcf8,Xamarin Mono,"Xamarin, Inc."
c092101d-2d2d-caca-6317-3713f150aa93,XenCenter,"Cloud Software Group, Inc."
88e09d61-b86c-63a3-7b70-37298d76fb1d,Xink Client AD,Xink
002b4d47-c31e-3c48-963b-35f599cb07a6,XMind 2020,XMind Ltd
0a3c5528-9199-de8a-7265-365fcea41e82,XMind 2021,XMind Ltd
047ff3a0-76c9-3d18-66cf-36e23b6a9411,XMind 2022,XMind Ltd
0fdd57c1-d7e9-20b8-3249-35e155a9afea,XnSoft XnConvert,XnSoft
612e9f91-fdfb-908d-9ef4-3720204dc6bd,XnSoft XnShell,XnSoft
91ba2209-a872-8d5a-0ade-35e1557c4c52,XnSoft XnView Extended,XnSoft
c09ac9a5-1bd4-befa-0aca-35e1557c43fb,XnSoft XnView Minimal,XnSoft
003e0326-95f2-1cf9-4bdc-35e155c11a61,XnSoft XnView MP,XnSoft
f5d23f46-6d42-d51d-0ad4-35e1557c478e,XnSoft XnView Standard,XnSoft
2f3cdecb-47fc-0b4f-48f1-36b5e3e3ef19,Yubico Authenticator,Yubico AB
73cbbea8-ee47-90c6-1180-371a04d3f45f,Yubico PIV Tool,Yubico AB
bc6f7145-5335-957c-41e9-36d1fd0db705,YubiKey Manager CLI,Yubico AB
407fb179-f848-b989-f91f-370ae9134ecb,ZAC,"Zultys, Inc."
3b737f2f-1db8-f07a-4e3e-36fc91343f97,Zeal,Oleg Shparber
f915a99b-180a-bbc6-201c-3710a6929d29,Zello,Zello Inc.
406d5484-b577-d8a7-4e37-35e155c2e3bc,Zivver Office Plugin,ZIVVER B.V.
9d57da7b-17ea-b6e0-b337-36e5f79bb3f5,Zoho WorkDrive,Zoho Corporation Pvt. Ltd
0660eb17-140e-b780-0a72-35e1557c0374,Zoom Player,Inmatrix
3f89796b-cb5d-455e-0a7f-35e1557c0a9c,Zoom Player Max,Inmatrix
fffe8848-801f-a496-4c2c-35e155c147ae,Zoom Plugin for Microsoft Outlook,"Zoom Video Communications, Inc."
3dc05e9e-1936-54ae-4c37-35e155c14c73,Zoom Plugin for Skype for Business,"Zoom Video Communications, Inc."
3188c64c-2908-e177-2147-368e8e379e69,Zoom Plugin for Windows Virtual Desktop Client,"Zoom Video Communications, Inc."
b07d34f9-e3ec-828c-16d6-367800ae63da,Zoom Rooms,"Zoom Video Communications, Inc."
f45f1af9-f351-606e-e882-37049fe6c229,Zoom VDI Universal Plugin,"Zoom Video Communications, Inc."
bbf5028e-061d-7766-4c21-35e155c14382,Zoom Workplace,"Zoom Video Communications, Inc."
31e98495-c39c-3b13-35cc-372ea82d8526,Zorus Archon Agent,Zorus Inc.
2038dae8-ba53-0f1f-5082-35e155c417fe,Zotero,Zotero
bbbb91e3-1859-00ba-c708-3670903b2192,Zscaler Client Connector 3.6,Zscaler
98e3d0e7-3ae9-0f5a-03c2-369d16930515,Zscaler Client Connector 3.9,Zscaler
b5c15f92-3bf0-c342-679c-36acd4e2eca6,Zscaler Client Connector 4.0,Zscaler
37dbc141-e62b-5dcb-499d-36c7b5a276ee,Zscaler Client Connector 4.1,Zscaler
1c6e7ad2-9eda-4d6f-5cdc-36e3d663f512,Zscaler Client Connector 4.3,Zscaler
d2ee763f-c1eb-99fd-3581-372ea816c0d8,Zscaler Client Connector for VDI,Zscaler
c05268ca-8bcd-dfb4-1edc-37293e287354,Zulip,"Kandra Labs, Inc."
a8cdbdb4-8acf-0fbb-5e2b-36eb7ba45ebc,Zulu JDK 10 (STS),"Azul Systems, Inc."
d6d2aa66-6d1f-5d44-052f-36514d13d558,Zulu JDK 11 (LTS),"Azul Systems, Inc."
228b619f-97c1-3f5f-5e2e-36eb7babcfb1,Zulu JDK 12 (STS),"Azul Systems, Inc."
5ea7178a-f218-3606-fe05-36514ec15edd,Zulu JDK 13 (MTS),"Azul Systems, Inc."
f9b5dba3-9b21-3e61-2efc-36514ef974d3,Zulu JDK 15 (MTS),"Azul Systems, Inc."
fd714123-ff2f-7bc3-2f09-36514f1ba7e7,Zulu JDK 16 (STS),"Azul Systems, Inc."
1f2a7cb3-86bd-da9e-3175-365f1a6c4cb6,Zulu JDK 17 (LTS),"Azul Systems, Inc."
c00aa397-9790-4f5c-450e-368396dfd383,Zulu JDK 18 (STS),"Azul Systems, Inc."
564be41f-71cf-3747-23b5-36cbaf50ba4f,Zulu JDK 20 (STS),"Azul Systems, Inc."
d17121c2-4501-c14c-5e30-36eb7bb1d0e4,Zulu JDK 6 (LTS),"Azul Systems, Inc."
f5e4e744-55a9-bb6d-5e31-36eb7bb433d6,Zulu JDK 7 (LTS),"Azul Systems, Inc."
b5400728-7d54-0c8a-6423-36451f4a8ad3,Zulu JDK 8 (LTS),"Azul Systems, Inc."
ceb45784-d714-0a22-5e2c-36eb7ba81ef6,Zulu JDK 9 (STS),"Azul Systems, Inc."
3551df47-995d-5351-880f-369417dd667a,Zulu JRE 11 (LTS),"Azul Systems, Inc."
95612bb5-8757-e4e1-9bf1-36ed74cf160f,Zulu JRE 12 (STS),"Azul Systems, Inc."
3a076ed7-c374-2776-8847-369418a7221e,Zulu JRE 13 (MTS),"Azul Systems, Inc."
1328490a-f9c7-6069-889a-36941916f3f2,Zulu JRE 15 (MTS),"Azul Systems, Inc."
e290130b-1156-0eb2-88b0-36941963656b,Zulu JRE 17 (LTS),"Azul Systems, Inc."
dfb07e2b-9a80-b7fb-6a67-36ed738bbe72,Zulu JRE 7 (LTS),"Azul Systems, Inc."
e9f8d050-ce77-7f29-968c-3689a6d91ac4,Zulu JRE 8 (LTS),"Azul Systems, Inc."
